timestamp,project_name,run_id,experiment_id,duration,emissions,emissions_rate,cpu_power,gpu_power,ram_power,cpu_energy,gpu_energy,ram_energy,energy_consumed,water_consumed,country_name,country_iso_code,region,cloud_provider,cloud_region,os,python_version,codecarbon_version,cpu_count,cpu_model,gpu_count,gpu_model,longitude,latitude,ram_total_size,tracking_mode,on_cloud,pue,wue
2025-11-23T18:04:20,codecarbon,3386d96d-7f84-40a2-bddb-70c9ef7e4def,5b0fa12a-3dd7-45bb-9766-cc326314d9f1,1.433414499999344,9.683891899823252e-06,6.755821083034728e-06,130.0,0.0,10.0,5.167719194446868e-05,0.0,3.961371111108747e-06,5.563856305557743e-05,0.0,Spain,ESP,madrid,,,Windows-10-10.0.19045-SP0,3.10.0,3.1.0,4,Intel(R) Core(TM) i5-6400 CPU @ 2.70GHz,,,-3.6463,40.4235,7.898471832275391,machine,N,1.0,0.0
2025-11-23T18:39:47,codecarbon,e25d6559-65de-48fe-bf32-477dc5b98397,5b0fa12a-3dd7-45bb-9766-cc326314d9f1,1.315517400002136,8.8763064750573e-06,6.74738811895828e-06,130.0,0.0,10.0,4.7365825000088086e-05,0.0,3.632775833335068e-06,5.099860083342315e-05,0.0,Spain,ESP,madrid,,,Windows-10-10.0.19045-SP0,3.10.0,3.1.0,4,Intel(R) Core(TM) i5-6400 CPU @ 2.70GHz,,,-3.6463,40.4235,7.898471832275391,machine,N,1.0,0.0
2025-11-23T18:40:13,codecarbon,d56643d3-6891-4e6a-b9e2-f3f22bcd85bd,5b0fa12a-3dd7-45bb-9766-cc326314d9f1,3.3289096000007703,2.250501953018324e-05,6.760477824383707e-06,130.0,0.0,10.0,0.0001200783277777,0.0,9.223709166670032e-06,0.0001293020369444,0.0,Spain,ESP,madrid,,,Windows-10-10.0.19045-SP0,3.10.0,3.1.0,4,Intel(R) Core(TM) i5-6400 CPU @ 2.70GHz,,,-3.6463,40.4235,7.898471832275391,machine,N,1.0,0.0
2025-11-23T18:41:17,codecarbon,7989006c-e71f-4625-a015-4d806df44987,5b0fa12a-3dd7-45bb-9766-cc326314d9f1,5.970303400001285,4.039349740904188e-05,6.7657361280891e-06,130.0,0.0,10.0,0.000215512895,0.0,1.656695222222374e-05,0.0002320798472223,0.0,Spain,ESP,madrid,,,Windows-10-10.0.19045-SP0,3.10.0,3.1.0,4,Intel(R) Core(TM) i5-6400 CPU @ 2.70GHz,,,-3.6463,40.4235,7.898471832275391,machine,N,1.0,0.0
2025-11-23T18:43:29,codecarbon,e3b1fa47-9a76-44fe-a242-22e3bed84c5b,5b0fa12a-3dd7-45bb-9766-cc326314d9f1,10.590503699997498,7.166073247890621e-05,6.766508421967044e-06,130.0,0.0,10.0,0.0003823262877777,0.0,2.9398690555555937e-05,0.0004117249783332,0.0,Spain,ESP,madrid,,,Windows-10-10.0.19045-SP0,3.10.0,3.1.0,4,Intel(R) Core(TM) i5-6400 CPU @ 2.70GHz,,,-3.6463,40.4235,7.898471832275391,machine,N,1.0,0.0
2025-11-23T18:46:58,codecarbon,f76dc49d-1d23-4514-8ee8-17c313d24476,5b0fa12a-3dd7-45bb-9766-cc326314d9f1,5.290380300000834,3.5780157987609573e-05,6.763248756919032e-06,130.0,0.0,10.0,0.0001908999986111,0.0,1.4674020277774011e-05,0.0002055740188888,0.0,Spain,ESP,madrid,,,Windows-10-10.0.19045-SP0,3.10.0,3.1.0,4,Intel(R) Core(TM) i5-6400 CPU @ 2.70GHz,,,-3.6463,40.4235,7.898471832275391,machine,N,1.0,0.0
2025-11-23T18:47:20,codecarbon,67d24cb5-d6e2-43d5-9c1f-0647d89b14a2,5b0fa12a-3dd7-45bb-9766-cc326314d9f1,7.891914499999984,5.3386019084740224e-05,6.7646474229719964e-06,130.0,0.0,10.0,0.0002848309605555,0.0,2.189710083333315e-05,0.0003067280613889,0.0,Spain,ESP,madrid,,,Windows-10-10.0.19045-SP0,3.10.0,3.1.0,4,Intel(R) Core(TM) i5-6400 CPU @ 2.70GHz,,,-3.6463,40.4235,7.898471832275391,machine,N,1.0,0.0
2025-11-23T18:48:18,codecarbon,bb72d6f7-b932-4eb4-9dbe-139725f3894a,5b0fa12a-3dd7-45bb-9766-cc326314d9f1,9.896767699996415,6.696350023226871e-05,6.766199052271678e-06,130.0,0.0,10.0,0.000357266787222,0.0,2.747035861110716e-05,0.0003847371458332,0.0,Spain,ESP,madrid,,,Windows-10-10.0.19045-SP0,3.10.0,3.1.0,4,Intel(R) Core(TM) i5-6400 CPU @ 2.70GHz,,,-3.6463,40.4235,7.898471832275391,machine,N,1.0,0.0
2025-11-23T18:50:26,codecarbon,d258f687-fb9e-4c15-b4ea-52c1a3d888f2,5b0fa12a-3dd7-45bb-9766-cc326314d9f1,11.596794500001124,7.846248406374534e-05,6.765876903633822e-06,130.0,0.0,10.0,0.0004186140544444,0.0,3.219022055555898e-05,0.0004508042749999,0.0,Spain,ESP,madrid,,,Windows-10-10.0.19045-SP0,3.10.0,3.1.0,4,Intel(R) Core(TM) i5-6400 CPU @ 2.70GHz,,,-3.6463,40.4235,7.898471832275391,machine,N,1.0,0.0
2025-11-23T18:53:44,codecarbon,f6c05002-790f-4b13-b7d9-d67cce411300,5b0fa12a-3dd7-45bb-9766-cc326314d9f1,5.062119700000039,3.4232952792829504e-05,6.762572760345679e-06,130.0,0.0,10.0,0.0001826473386112,0.0,1.40372508333409e-05,0.0001966845894445,0.0,Spain,ESP,madrid,,,Windows-10-10.0.19045-SP0,3.10.0,3.1.0,4,Intel(R) Core(TM) i5-6400 CPU @ 2.70GHz,,,-3.6463,40.4235,7.898471832275391,machine,N,1.0,0.0
2025-11-23T18:55:52,codecarbon,3712ee8b-ecfb-4c99-b8cf-f7164ea7aa6f,5b0fa12a-3dd7-45bb-9766-cc326314d9f1,7.975789800002531,5.395475579120439e-05,6.7648166694647935e-06,130.0,0.0,10.0,0.0002878624449999,0.0,2.213327916668075e-05,0.0003099957241666,0.0,Spain,ESP,madrid,,,Windows-10-10.0.19045-SP0,3.10.0,3.1.0,4,Intel(R) Core(TM) i5-6400 CPU @ 2.70GHz,,,-3.6463,40.4235,7.898471832275391,machine,N,1.0,0.0
2025-11-23T18:59:19,codecarbon,d4f2d086-768b-4262-b09c-cc73956fc4f8,5b0fa12a-3dd7-45bb-9766-cc326314d9f1,10.546271300001536,7.135826336083142e-05,6.7662078217939486e-06,130.0,0.0,10.0,0.0003807121247223,0.0,2.9275024722220327e-05,0.0004099871494445,0.0,Spain,ESP,madrid,,,Windows-10-10.0.19045-SP0,3.10.0,3.1.0,4,Intel(R) Core(TM) i5-6400 CPU @ 2.70GHz,,,-3.6463,40.4235,7.898471832275391,machine,N,1.0,0.0
2025-11-23T19:03:47,codecarbon,900d7bbf-cbb9-4cd2-b699-2be7f7c9a7aa,5b0fa12a-3dd7-45bb-9766-cc326314d9f1,12.630192999997234,8.5469863830129e-05,6.767106712474442e-06,130.0,0.0,10.0,0.0004560005738886,0.0,3.5064429444436326e-05,0.0004910650033331,0.0,Spain,ESP,madrid,,,Windows-10-10.0.19045-SP0,3.10.0,3.1.0,4,Intel(R) Core(TM) i5-6400 CPU @ 2.70GHz,,,-3.6463,40.4235,7.898471832275391,machine,N,1.0,0.0
2026-01-16T21:59:09,NCF_emb20,86aaebf0-c41c-4ffc-b85a-c2577e91db1d,5b0fa12a-3dd7-45bb-9766-cc326314d9f1,96.43726049999896,0.0006527311571065,6.768453953609666e-06,130.0,0.0,10.0,0.0034824456513886,0.0,0.0002678051794444,0.0037502508308331,0.0,Spain,ESP,madrid,,,Windows-10-10.0.19045-SP0,3.10.0,3.1.0,4,Intel(R) Core(TM) i5-6400 CPU @ 2.70GHz,,,-3.6463,40.4235,7.898471832275391,machine,N,1.0,0.0
2026-01-16T22:01:11,NCF_emb50,acc7953b-d7ae-4122-9446-380171c3a9fa,5b0fa12a-3dd7-45bb-9766-cc326314d9f1,119.51488489999974,0.0008089055319499,6.768240898418342e-06,130.0,0.0,10.0,0.0043156476205555,0.0,0.000331899245,0.0046475468655555,0.0,Spain,ESP,madrid,,,Windows-10-10.0.19045-SP0,3.10.0,3.1.0,4,Intel(R) Core(TM) i5-6400 CPU @ 2.70GHz,,,-3.6463,40.4235,7.898471832275391,machine,N,1.0,0.0
2026-01-16T22:03:48,NCF_emb100,88278b85-1e12-4792-b48a-021a540678a2,5b0fa12a-3dd7-45bb-9766-cc326314d9f1,154.49478720000116,0.001045694721827,6.768478993879159e-06,130.0,0.0,10.0,0.0055789605588891,0.0,0.0004290527811111,0.0060080133400002,0.0,Spain,ESP,madrid,,,Windows-10-10.0.19045-SP0,3.10.0,3.1.0,4,Intel(R) Core(TM) i5-6400 CPU @ 2.70GHz,,,-3.6463,40.4235,7.898471832275391,machine,N,1.0,0.0
2026-01-16T22:06:24,NCF_emb20,bb69b7e7-d73b-41c9-ab70-61328ea2382a,5b0fa12a-3dd7-45bb-9766-cc326314d9f1,153.12923189999856,0.0010364516710676,6.768476914613359e-06,130.0,0.0,10.0,0.0055296494319444,0.0,0.0004252581869444,0.0059549076188889,0.0,Spain,ESP,madrid,,,Windows-10-10.0.19045-SP0,3.10.0,3.1.0,4,Intel(R) Core(TM) i5-6400 CPU @ 2.70GHz,,,-3.6463,40.4235,7.898471832275391,machine,N,1.0,0.0
2026-01-16T22:09:27,NCF_emb50,3212e3b7-8ee6-40fd-a84a-48d624655c8b,5b0fa12a-3dd7-45bb-9766-cc326314d9f1,181.18577430000005,0.0012263538513582,6.768488619463796e-06,130.0,0.0,10.0,0.0065427997375002,0.0,0.0005031861938888,0.0070459859313891,0.0,Spain,ESP,madrid,,,Windows-10-10.0.19045-SP0,3.10.0,3.1.0,4,Intel(R) Core(TM) i5-6400 CPU @ 2.70GHz,,,-3.6463,40.4235,7.898471832275391,machine,N,1.0,0.0
2026-01-16T22:13:18,NCF_emb100,ad9178e6-c72e-4c17-8789-e79c742b5367,5b0fa12a-3dd7-45bb-9766-cc326314d9f1,228.321484199998,0.0015453741854212,6.768413366074604e-06,130.0,0.0,10.0,0.0082448242680556,0.0,0.0006340851569444,0.008878909425,0.0,Spain,ESP,madrid,,,Windows-10-10.0.19045-SP0,3.10.0,3.1.0,4,Intel(R) Core(TM) i5-6400 CPU @ 2.70GHz,,,-3.6463,40.4235,7.898471832275391,machine,N,1.0,0.0
2026-01-16T22:16:41,NCF_emb20,8836f82c-3643-40f8-b94b-68440b12ac35,5b0fa12a-3dd7-45bb-9766-cc326314d9f1,200.3638626000029,0.0013561591994935,6.768482010156308e-06,130.0,0.0,10.0,0.0072353382147222,0.0,0.0005564411561111,0.0077917793708333,0.0,Spain,ESP,madrid,,,Windows-10-10.0.19045-SP0,3.10.0,3.1.0,4,Intel(R) Core(TM) i5-6400 CPU @ 2.70GHz,,,-3.6463,40.4235,7.898471832275391,machine,N,1.0,0.0
2026-01-16T22:20:40,NCF_emb50,3603488e-26be-4dec-bab0-80364d9944c9,5b0fa12a-3dd7-45bb-9766-cc326314d9f1,236.6312899000004,0.0016016177516526,6.768410687908175e-06,130.0,0.0,10.0,0.0085448964213888,0.0,0.0006571590319444,0.0092020554533332,0.0,Spain,ESP,madrid,,,Windows-10-10.0.19045-SP0,3.10.0,3.1.0,4,Intel(R) Core(TM) i5-6400 CPU @ 2.70GHz,,,-3.6463,40.4235,7.898471832275391,machine,N,1.0,0.0
2026-01-16T22:25:25,NCF_emb100,8e61996c-b8ce-4940-a52f-10963bb761e8,5b0fa12a-3dd7-45bb-9766-cc326314d9f1,282.5911684999992,0.0019127136819457,6.768483573278209e-06,130.0,0.0,10.0,0.0102046518563893,0.0,0.0007847976233333,0.0109894494797227,0.0,Spain,ESP,madrid,,,Windows-10-10.0.19045-SP0,3.10.0,3.1.0,4,Intel(R) Core(TM) i5-6400 CPU @ 2.70GHz,,,-3.6463,40.4235,7.898471832275391,machine,N,1.0,0.0
2026-01-16T22:29:01,NCF_emb20,5cf3b226-09f3-4f62-882a-7fa02b4ad54d,5b0fa12a-3dd7-45bb-9766-cc326314d9f1,213.0446265999999,0.001441988513656,6.768481029861629e-06,130.0,0.0,10.0,0.0076932553750001,0.0,0.0005916542122222,0.0082849095872223,0.0,Spain,ESP,madrid,,,Windows-10-10.0.19045-SP0,3.10.0,3.1.0,4,Intel(R) Core(TM) i5-6400 CPU @ 2.70GHz,,,-3.6463,40.4235,7.898471832275391,machine,N,1.0,0.0
2026-01-16T22:33:17,NCF_emb50,5a78c386-212b-435d-bda8-8e0ebff7a8c2,5b0fa12a-3dd7-45bb-9766-cc326314d9f1,254.0659248999982,0.0017196419459514,6.768487142179142e-06,130.0,0.0,10.0,0.0091745771722222,0.0,0.0007055833905555,0.0098801605627778,0.0,Spain,ESP,madrid,,,Windows-10-10.0.19045-SP0,3.10.0,3.1.0,4,Intel(R) Core(TM) i5-6400 CPU @ 2.70GHz,,,-3.6463,40.4235,7.898471832275391,machine,N,1.0,0.0
2026-01-16T22:38:38,NCF_emb100,b0bf2023-ebb4-443d-a65e-b56fcc4b71d7,5b0fa12a-3dd7-45bb-9766-cc326314d9f1,318.45563299999776,0.0021554625064143,6.7684860402968375e-06,130.0,0.0,10.0,0.0114997538066664,0.0,0.0008844030816666,0.0123841568883331,0.0,Spain,ESP,madrid,,,Windows-10-10.0.19045-SP0,3.10.0,3.1.0,4,Intel(R) Core(TM) i5-6400 CPU @ 2.70GHz,,,-3.6463,40.4235,7.898471832275391,machine,N,1.0,0.0
2026-01-17T09:39:17,ItemKNN_k20_f25,8db5423e-ba75-49bf-a293-791269499f5f,5b0fa12a-3dd7-45bb-9766-cc326314d9f1,18.825510899994697,0.0001274175161054,6.768343062897428e-06,130.0,0.0,10.0,0.0006798016008334,0.0,5.227260833332063e-05,0.0007320742091667,0.0,Spain,ESP,madrid,,,Windows-10-10.0.19045-SP0,3.10.0,3.1.0,4,Intel(R) Core(TM) i5-6400 CPU @ 2.70GHz,,,-3.6463,40.4235,7.898471832275391,machine,N,1.0,0.0
2026-01-17T09:39:57,ItemKNN_k20_f50,ea0a54c2-0033-4947-a695-de6643d8b250,5b0fa12a-3dd7-45bb-9766-cc326314d9f1,35.256828999998106,0.0002386355071039,6.76849035697241e-06,130.0,0.0,10.0,0.0012731608680555,0.0,9.791357666668368e-05,0.0013710744447222,0.0,Spain,ESP,madrid,,,Windows-10-10.0.19045-SP0,3.10.0,3.1.0,4,Intel(R) Core(TM) i5-6400 CPU @ 2.70GHz,,,-3.6463,40.4235,7.898471832275391,machine,N,1.0,0.0
2026-01-17T09:40:45,ItemKNN_k20_f75,55ba47a2-284f-4a67-8243-02013896d676,5b0fa12a-3dd7-45bb-9766-cc326314d9f1,44.35588509999798,0.0003002211483099,6.768462575668661e-06,130.0,0.0,10.0,0.0016017355647221,0.0,0.0001231776688888,0.001724913233611,0.0,Spain,ESP,madrid,,,Windows-10-10.0.19045-SP0,3.10.0,3.1.0,4,Intel(R) Core(TM) i5-6400 CPU @ 2.70GHz,,,-3.6463,40.4235,7.898471832275391,machine,N,1.0,0.0
2026-01-17T09:41:13,ItemKNN_k30_f25,cdcc1f0a-d76e-4b33-aaa0-e3998ac3d10a,5b0fa12a-3dd7-45bb-9766-cc326314d9f1,18.41880279999896,0.0001246661713679,6.768418812103898e-06,130.0,0.0,10.0,0.0006651201952777,0.0,5.114623027778483e-05,0.0007162664255555,0.0,Spain,ESP,madrid,,,Windows-10-10.0.19045-SP0,3.10.0,3.1.0,4,Intel(R) Core(TM) i5-6400 CPU @ 2.70GHz,,,-3.6463,40.4235,7.898471832275391,machine,N,1.0,0.0
2026-01-17T09:41:54,ItemKNN_k30_f50,ae704a00-414c-4b1e-8cc4-397a3bb28a03,5b0fa12a-3dd7-45bb-9766-cc326314d9f1,36.49006869999721,0.0002469821642478,6.768476274420172e-06,130.0,0.0,10.0,0.0013176935380554,0.0,0.0001013364202777,0.0014190299583331,0.0,Spain,ESP,madrid,,,Windows-10-10.0.19045-SP0,3.10.0,3.1.0,4,Intel(R) Core(TM) i5-6400 CPU @ 2.70GHz,,,-3.6463,40.4235,7.898471832275391,machine,N,1.0,0.0
2026-01-17T09:42:43,ItemKNN_k30_f75,d5c00536-cd4e-4206-b37d-ce3f417b92d9,5b0fa12a-3dd7-45bb-9766-cc326314d9f1,44.1782303,0.0002990221775205,6.768541326575977e-06,130.0,0.0,10.0,0.0015953225708336,0.0,0.0001227020055555,0.0017180245763892,0.0,Spain,ESP,madrid,,,Windows-10-10.0.19045-SP0,3.10.0,3.1.0,4,Intel(R) Core(TM) i5-6400 CPU @ 2.70GHz,,,-3.6463,40.4235,7.898471832275391,machine,N,1.0,0.0
2026-01-17T09:43:06,ItemKNN_k40_f25,82f76483-1429-4a7a-8c23-fbac0f0bd27c,5b0fa12a-3dd7-45bb-9766-cc326314d9f1,19.72653590000118,0.0001335179621269,6.7684444346330575e-06,130.0,0.0,10.0,0.000712344551389,0.0,5.477962055556418e-05,0.0007671241719445,0.0,Spain,ESP,madrid,,,Windows-10-10.0.19045-SP0,3.10.0,3.1.0,4,Intel(R) Core(TM) i5-6400 CPU @ 2.70GHz,,,-3.6463,40.4235,7.898471832275391,machine,N,1.0,0.0
2026-01-17T09:43:45,ItemKNN_k40_f50,e71daaa8-f3d4-42fc-8cc7-1d1fd15b2484,5b0fa12a-3dd7-45bb-9766-cc326314d9f1,34.9951871000012,0.000236864841193,6.768497637009138e-06,130.0,0.0,10.0,0.0012637120672223,0.0,9.718905999998242e-05,0.0013609011272223,0.0,Spain,ESP,madrid,,,Windows-10-10.0.19045-SP0,3.10.0,3.1.0,4,Intel(R) Core(TM) i5-6400 CPU @ 2.70GHz,,,-3.6463,40.4235,7.898471832275391,machine,N,1.0,0.0
2026-01-17T09:44:34,ItemKNN_k40_f75,4a631737-fab7-4e92-abee-49ae209ee722,5b0fa12a-3dd7-45bb-9766-cc326314d9f1,44.50601850000385,0.0003012406840408,6.768538148180204e-06,130.0,0.0,10.0,0.0016071590347222,0.0,0.0001236119163888,0.0017307709511111,0.0,Spain,ESP,madrid,,,Windows-10-10.0.19045-SP0,3.10.0,3.1.0,4,Intel(R) Core(TM) i5-6400 CPU @ 2.70GHz,,,-3.6463,40.4235,7.898471832275391,machine,N,1.0,0.0
2026-01-17T13:54:26,SVD_f20_fr25,fb2726b9-8dc7-4ec3-9d3a-8d7d70752554,5b0fa12a-3dd7-45bb-9766-cc326314d9f1,2.817093699995894,1.906573085441612e-05,6.767872454666278e-06,130.0,0.0,10.0,0.00010172682,0.0,7.814868333298364e-06,0.0001095416883333,0.0,Spain,ESP,madrid,,,Windows-10-10.0.19045-SP0,3.10.0,3.1.0,4,Intel(R) Core(TM) i5-6400 CPU @ 2.70GHz,,,-3.6463,40.4235,7.898471832275391,machine,N,1.0,0.0
2026-01-17T13:54:34,SVD_f20_fr50,2e4a37b3-6f23-4c77-af90-edaa506a12a5,5b0fa12a-3dd7-45bb-9766-cc326314d9f1,3.6468804000032833,2.4682243469534435e-05,6.7680430291907065e-06,130.0,0.0,10.0,0.0001316913830556,0.0,1.0119840555570488e-05,0.0001418112236112,0.0,Spain,ESP,madrid,,,Windows-10-10.0.19045-SP0,3.10.0,3.1.0,4,Intel(R) Core(TM) i5-6400 CPU @ 2.70GHz,,,-3.6463,40.4235,7.898471832275391,machine,N,1.0,0.0
2026-01-17T13:54:43,SVD_f20_fr75,cea56d34-140d-4986-9970-563b6afdce32,5b0fa12a-3dd7-45bb-9766-cc326314d9f1,4.08633550000377,2.7657071839695027e-05,6.768184315670975e-06,130.0,0.0,10.0,0.00014756066,0.0,1.1342366944437444e-05,0.0001589030269445,0.0,Spain,ESP,madrid,,,Windows-10-10.0.19045-SP0,3.10.0,3.1.0,4,Intel(R) Core(TM) i5-6400 CPU @ 2.70GHz,,,-3.6463,40.4235,7.898471832275391,machine,N,1.0,0.0
2026-01-17T13:54:53,SVD_f50_fr25,2d900fe6-9bff-43f7-8623-1aaf7b76391b,5b0fa12a-3dd7-45bb-9766-cc326314d9f1,5.739224699995248,3.884468481405592e-05,6.768280881926104e-06,130.0,0.0,10.0,0.0002072479608329,0.0,1.593322166663711e-05,0.0002231811824996,0.0,Spain,ESP,madrid,,,Windows-10-10.0.19045-SP0,3.10.0,3.1.0,4,Intel(R) Core(TM) i5-6400 CPU @ 2.70GHz,,,-3.6463,40.4235,7.898471832275391,machine,N,1.0,0.0
2026-01-17T13:55:04,SVD_f50_fr50,44eff3bb-bb8f-41b5-9260-3eb34884cbe8,5b0fa12a-3dd7-45bb-9766-cc326314d9f1,6.1228324999974575,4.144099765670401e-05,6.7682723080733005e-06,130.0,0.0,10.0,0.0002211005008333,0.0,1.699773333332107e-05,0.0002380982341666,0.0,Spain,ESP,madrid,,,Windows-10-10.0.19045-SP0,3.10.0,3.1.0,4,Intel(R) Core(TM) i5-6400 CPU @ 2.70GHz,,,-3.6463,40.4235,7.898471832275391,machine,N,1.0,0.0
2026-01-17T13:55:15,SVD_f50_fr75,8c493e66-d0e6-4fe0-a14f-485f7e5a5ebc,5b0fa12a-3dd7-45bb-9766-cc326314d9f1,6.301046199994744,4.264766421202514e-05,6.768346534589877e-06,130.0,0.0,10.0,0.0002275362844444,0.0,1.7494822777775374e-05,0.0002450311072222,0.0,Spain,ESP,madrid,,,Windows-10-10.0.19045-SP0,3.10.0,3.1.0,4,Intel(R) Core(TM) i5-6400 CPU @ 2.70GHz,,,-3.6463,40.4235,7.898471832275391,machine,N,1.0,0.0
2026-01-17T13:55:25,SVD_f100_fr25,5105aaf4-afd7-4aa4-ac89-4c1a42e4209c,5b0fa12a-3dd7-45bb-9766-cc326314d9f1,6.60185759999149,4.468340198769423e-05,6.768307451489385e-06,130.0,0.0,10.0,0.0002383988822218,0.0,1.8328506388893902e-05,0.0002567273886107,0.0,Spain,ESP,madrid,,,Windows-10-10.0.19045-SP0,3.10.0,3.1.0,4,Intel(R) Core(TM) i5-6400 CPU @ 2.70GHz,,,-3.6463,40.4235,7.898471832275391,machine,N,1.0,0.0
2026-01-17T13:55:38,SVD_f100_fr50,aeee79a1-518b-4312-9227-10c86cf39fef,5b0fa12a-3dd7-45bb-9766-cc326314d9f1,8.943496500010951,6.053337082815631e-05,6.768423382072345e-06,130.0,0.0,10.0,0.0003229579961114,0.0,2.483499916670553e-05,0.0003477929952781,0.0,Spain,ESP,madrid,,,Windows-10-10.0.19045-SP0,3.10.0,3.1.0,4,Intel(R) Core(TM) i5-6400 CPU @ 2.70GHz,,,-3.6463,40.4235,7.898471832275391,machine,N,1.0,0.0
2026-01-17T13:55:52,SVD_f100_fr75,0fc7f2ea-e64e-4429-86fc-45810c087ff9,5b0fa12a-3dd7-45bb-9766-cc326314d9f1,9.773793700005626,6.615328481536669e-05,6.768434739453177e-06,130.0,0.0,10.0,0.0003529408313891,0.0,2.7141241666686256e-05,0.0003800820730558,0.0,Spain,ESP,madrid,,,Windows-10-10.0.19045-SP0,3.10.0,3.1.0,4,Intel(R) Core(TM) i5-6400 CPU @ 2.70GHz,,,-3.6463,40.4235,7.898471832275391,machine,N,1.0,0.0
2026-01-17T16:29:36,SVD_f20_fr25,b1a59f78-a5af-446b-9dfb-43e172e67f98,5b0fa12a-3dd7-45bb-9766-cc326314d9f1,3.568349200009834,2.414985671883088e-05,6.767795236734209e-06,130.0,0.0,10.0,0.0001288514680559,0.0,9.900940555558512e-06,0.0001387524086114,0.0,Spain,ESP,madrid,,,Windows-10-10.0.19045-SP0,3.10.0,3.1.0,4,Intel(R) Core(TM) i5-6400 CPU @ 2.70GHz,,,-3.6463,40.4235,7.898471832275391,machine,N,1.0,0.0
2026-01-17T16:29:50,SVD_f20_fr25,20368915-cdbc-486a-8470-737db306aa7b,5b0fa12a-3dd7-45bb-9766-cc326314d9f1,3.121078600001056,2.1123591448805843e-05,6.768042127743498e-06,130.0,0.0,10.0,0.0001127041716667,0.0,8.660904166673492e-06,0.0001213650758334,0.0,Spain,ESP,madrid,,,Windows-10-10.0.19045-SP0,3.10.0,3.1.0,4,Intel(R) Core(TM) i5-6400 CPU @ 2.70GHz,,,-3.6463,40.4235,7.898471832275391,machine,N,1.0,0.0
2026-01-17T16:30:01,SVD_f20_fr50,12431718-b49f-4f6b-8728-3e8a991251d9,5b0fa12a-3dd7-45bb-9766-cc326314d9f1,5.433561300000292,3.6774428427069575e-05,6.768015744492953e-06,130.0,0.0,10.0,0.0001962101194442,0.0,1.5076455833332148e-05,0.0002112865752776,0.0,Spain,ESP,madrid,,,Windows-10-10.0.19045-SP0,3.10.0,3.1.0,4,Intel(R) Core(TM) i5-6400 CPU @ 2.70GHz,,,-3.6463,40.4235,7.898471832275391,machine,N,1.0,0.0
2026-01-17T16:30:14,SVD_f20_fr75,353926d2-f6d6-40f4-8a26-16a04dc741f0,5b0fa12a-3dd7-45bb-9766-cc326314d9f1,6.92332560000068,4.6859161102988256e-05,6.768302375231876e-06,130.0,0.0,10.0,0.0002500072033334,0.0,1.9220955833346428e-05,0.0002692281591668,0.0,Spain,ESP,madrid,,,Windows-10-10.0.19045-SP0,3.10.0,3.1.0,4,Intel(R) Core(TM) i5-6400 CPU @ 2.70GHz,,,-3.6463,40.4235,7.898471832275391,machine,N,1.0,0.0
2026-01-17T16:30:37,SVD_f50_fr25,b21dface-ca2a-4e1f-8188-fbeafef60ef9,5b0fa12a-3dd7-45bb-9766-cc326314d9f1,4.496078399999533,3.043012182092849e-05,6.768147508489098e-06,130.0,0.0,10.0,0.0001623568411114,0.0,1.2478676388895515e-05,0.0001748355175003,0.0,Spain,ESP,madrid,,,Windows-10-10.0.19045-SP0,3.10.0,3.1.0,4,Intel(R) Core(TM) i5-6400 CPU @ 2.70GHz,,,-3.6463,40.4235,7.898471832275391,machine,N,1.0,0.0
2026-01-17T16:30:53,SVD_f50_fr50,54c471b7-c051-44c4-85de-b71e87845bbb,5b0fa12a-3dd7-45bb-9766-cc326314d9f1,6.288641799998004,4.256359574132571e-05,6.7683288530345645e-06,130.0,0.0,10.0,0.0002270883116664,0.0,1.7459782222188854e-05,0.0002445480938886,0.0,Spain,ESP,madrid,,,Windows-10-10.0.19045-SP0,3.10.0,3.1.0,4,Intel(R) Core(TM) i5-6400 CPU @ 2.70GHz,,,-3.6463,40.4235,7.898471832275391,machine,N,1.0,0.0
2026-01-17T16:31:07,SVD_f50_fr75,ea9585ac-fb2d-484f-a08c-1f856031d723,5b0fa12a-3dd7-45bb-9766-cc326314d9f1,9.459289199992782,6.402421200184926e-05,6.768395663587293e-06,130.0,0.0,10.0,0.0003415836666665,0.0,2.6265870833311864e-05,0.0003678495374998,0.0,Spain,ESP,madrid,,,Windows-10-10.0.19045-SP0,3.10.0,3.1.0,4,Intel(R) Core(TM) i5-6400 CPU @ 2.70GHz,,,-3.6463,40.4235,7.898471832275391,machine,N,1.0,0.0
2026-01-17T16:31:21,SVD_f100_fr25,b6382653-9eda-4831-9c5d-2afac1329255,5b0fa12a-3dd7-45bb-9766-cc326314d9f1,9.52830200000608,6.44900677050064e-05,6.768264450997172e-06,130.0,0.0,10.0,0.0003440707147222,0.0,2.6455385277788283e-05,0.0003705261,0.0,Spain,ESP,madrid,,,Windows-10-10.0.19045-SP0,3.10.0,3.1.0,4,Intel(R) Core(TM) i5-6400 CPU @ 2.70GHz,,,-3.6463,40.4235,7.898471832275391,machine,N,1.0,0.0
2026-01-17T16:31:39,SVD_f100_fr50,cdf4c5b3-7035-451a-a43b-356a4f10f547,5b0fa12a-3dd7-45bb-9766-cc326314d9f1,11.52225969999563,7.798585012090475e-05,6.7682774170533866e-06,130.0,0.0,10.0,0.0004160789388884,0.0,3.198684749998695e-05,0.0004480657863884,0.0,Spain,ESP,madrid,,,Windows-10-10.0.19045-SP0,3.10.0,3.1.0,4,Intel(R) Core(TM) i5-6400 CPU @ 2.70GHz,,,-3.6463,40.4235,7.898471832275391,machine,N,1.0,0.0
2026-01-17T16:31:56,SVD_f100_fr75,b0cb5055-2de9-4570-b63e-b4d5289e1eee,5b0fa12a-3dd7-45bb-9766-cc326314d9f1,11.801687900006073,7.987896634696544e-05,6.768435754594421e-06,130.0,0.0,10.0,0.0004261694161111,0.0,3.2773223055563806e-05,0.0004589426391667,0.0,Spain,ESP,madrid,,,Windows-10-10.0.19045-SP0,3.10.0,3.1.0,4,Intel(R) Core(TM) i5-6400 CPU @ 2.70GHz,,,-3.6463,40.4235,7.898471832275391,machine,N,1.0,0.0
2026-01-24T09:46:23,NCF_emb20,0665d22d-980e-4643-93cb-07a7ab97a7c5,5b0fa12a-3dd7-45bb-9766-cc326314d9f1,105.46693559999994,0.0007137828778429,6.767835566495539e-06,130.0,0.0,10.0,0.0038081489477777,0.0,0.000292873045,0.0041010219927777,0.0,Spain,ESP,madrid,,,Windows-10-10.0.19045-SP0,3.10.0,3.1.0,4,Intel(R) Core(TM) i5-6400 CPU @ 2.70GHz,,,-3.6463,40.4235,7.898471832275391,machine,N,1.0,0.0
2026-01-24T09:48:52,NCF_emb50,3fb2ffd4-130e-48c6-8911-08aa3455d6b1,5b0fa12a-3dd7-45bb-9766-cc326314d9f1,120.10999040000024,0.0008129634923255,6.768491859987111e-06,130.0,0.0,10.0,0.0043372918802777,0.0,0.0003335698969444,0.0046708617772222,0.0,Spain,ESP,madrid,,,Windows-10-10.0.19045-SP0,3.10.0,3.1.0,4,Intel(R) Core(TM) i5-6400 CPU @ 2.70GHz,,,-3.6463,40.4235,7.898471832275391,machine,N,1.0,0.0
2026-01-24T09:51:59,NCF_emb100,4936e0ce-9aaf-4f9d-b10f-aa5d2d3fa6ec,5b0fa12a-3dd7-45bb-9766-cc326314d9f1,152.26785450000034,0.0010306237689741,6.7684920915083255e-06,130.0,0.0,10.0,0.0054985435808333,0.0,0.0004228799697222,0.0059214235505555,0.0,Spain,ESP,madrid,,,Windows-10-10.0.19045-SP0,3.10.0,3.1.0,4,Intel(R) Core(TM) i5-6400 CPU @ 2.70GHz,,,-3.6463,40.4235,7.898471832275391,machine,N,1.0,0.0
2026-01-24T09:55:31,NCF_emb20,f41aa929-33e7-4f8c-8cc7-920b1855b6a6,5b0fa12a-3dd7-45bb-9766-cc326314d9f1,172.7268328,0.0011691007203336,6.768495093564093e-06,130.0,0.0,10.0,0.0062373393549999,0.0,0.0004797001183333,0.0067170394733333,0.0,Spain,ESP,madrid,,,Windows-10-10.0.19045-SP0,3.10.0,3.1.0,4,Intel(R) Core(TM) i5-6400 CPU @ 2.70GHz,,,-3.6463,40.4235,7.898471832275391,machine,N,1.0,0.0
2026-01-24T09:59:17,NCF_emb50,12aed1c3-82fa-44b6-8678-8411d9753693,5b0fa12a-3dd7-45bb-9766-cc326314d9f1,196.8039072000001,0.0013320653778338,6.7684905080678265e-06,130.0,0.0,10.0,0.0071067866783334,0.0,0.0005465622319444,0.0076533489102778,0.0,Spain,ESP,madrid,,,Windows-10-10.0.19045-SP0,3.10.0,3.1.0,4,Intel(R) Core(TM) i5-6400 CPU @ 2.70GHz,,,-3.6463,40.4235,7.898471832275391,machine,N,1.0,0.0
2026-01-24T10:04:02,NCF_emb100,bf81542c-fcb5-49e6-9f08-665943656744,5b0fa12a-3dd7-45bb-9766-cc326314d9f1,253.8237107999994,0.0017180051551427,6.768497512418822e-06,130.0,0.0,10.0,0.0091658299741665,0.0,0.0007049264472222,0.0098707564213887,0.0,Spain,ESP,madrid,,,Windows-10-10.0.19045-SP0,3.10.0,3.1.0,4,Intel(R) Core(TM) i5-6400 CPU @ 2.70GHz,,,-3.6463,40.4235,7.898471832275391,machine,N,1.0,0.0
2026-01-24T10:08:20,NCF_emb20,b558fdb3-8901-4718-beea-783e2ad8719f,5b0fa12a-3dd7-45bb-9766-cc326314d9f1,217.46424320000008,0.001471906315289,6.7684980925134256e-06,130.0,0.0,10.0,0.0078528526302777,0.0,0.0006039489513888,0.0084568015816666,0.0,Spain,ESP,madrid,,,Windows-10-10.0.19045-SP0,3.10.0,3.1.0,4,Intel(R) Core(TM) i5-6400 CPU @ 2.70GHz,,,-3.6463,40.4235,7.898471832275391,machine,N,1.0,0.0
2026-01-24T10:13:00,NCF_emb50,ac1ecfb3-b1e5-4eb6-b57d-18ede6c7cfc1,5b0fa12a-3dd7-45bb-9766-cc326314d9f1,252.5221649999994,0.0017091968715655,6.768502367170666e-06,130.0,0.0,10.0,0.00911882998,0.0,0.0007013186644444,0.0098201486444444,0.0,Spain,ESP,madrid,,,Windows-10-10.0.19045-SP0,3.10.0,3.1.0,4,Intel(R) Core(TM) i5-6400 CPU @ 2.70GHz,,,-3.6463,40.4235,7.898471832275391,machine,N,1.0,0.0
2026-01-24T10:18:57,NCF_emb100,c1cfccf7-75f1-4440-b756-eca2e534d1fe,5b0fa12a-3dd7-45bb-9766-cc326314d9f1,321.5154747000006,0.0021761772834698,6.768499356058796e-06,130.0,0.0,10.0,0.0116102429661111,0.0,0.000892930165,0.0125031731311111,0.0,Spain,ESP,madrid,,,Windows-10-10.0.19045-SP0,3.10.0,3.1.0,4,Intel(R) Core(TM) i5-6400 CPU @ 2.70GHz,,,-3.6463,40.4235,7.898471832275391,machine,N,1.0,0.0
2026-01-24T10:23:49,NCF_emb20,bb067f8b-6e87-4e65-a196-65a3e4c3a97f,5b0fa12a-3dd7-45bb-9766-cc326314d9f1,253.69856189999973,0.0017171583205243,6.768498440291585e-06,130.0,0.0,10.0,0.0091613053675,0.0,0.0007045855863888,0.0098658909538889,0.0,Spain,ESP,madrid,,,Windows-10-10.0.19045-SP0,3.10.0,3.1.0,4,Intel(R) Core(TM) i5-6400 CPU @ 2.70GHz,,,-3.6463,40.4235,7.898471832275391,machine,N,1.0,0.0
2026-01-24T10:29:09,NCF_emb50,975b5a0e-6c9b-432a-b1ff-bb2b2b089bc1,5b0fa12a-3dd7-45bb-9766-cc326314d9f1,287.48420050000004,0.0019458360773844,6.768497447860475e-06,130.0,0.0,10.0,0.0103813424252777,0.0,0.0007984109638888,0.0111797533891666,0.0,Spain,ESP,madrid,,,Windows-10-10.0.19045-SP0,3.10.0,3.1.0,4,Intel(R) Core(TM) i5-6400 CPU @ 2.70GHz,,,-3.6463,40.4235,7.898471832275391,machine,N,1.0,0.0
2026-01-24T10:35:44,NCF_emb100,13792465-b463-4e77-bb13-3adacb059802,5b0fa12a-3dd7-45bb-9766-cc326314d9f1,360.3579061,0.0024390813322292,6.768496794274385e-06,130.0,0.0,10.0,0.0130128860766666,0.0,0.0010007958091666,0.0140136818858332,0.0,Spain,ESP,madrid,,,Windows-10-10.0.19045-SP0,3.10.0,3.1.0,4,Intel(R) Core(TM) i5-6400 CPU @ 2.70GHz,,,-3.6463,40.4235,7.898471832275391,machine,N,1.0,0.0
2026-01-24T10:44:43,NCF_emb20,28782570-7561-49d7-9eaf-513492946ac7,5b0fa12a-3dd7-45bb-9766-cc326314d9f1,107.71461650000036,0.0007290375518807,6.768232349234729e-06,130.0,0.0,10.0,0.0038895366105555,0.0,0.0002991307372222,0.0041886673477777,0.0,Spain,ESP,madrid,,,Windows-10-10.0.19045-SP0,3.10.0,3.1.0,4,Intel(R) Core(TM) i5-6400 CPU @ 2.70GHz,,,-3.6463,40.4235,7.898471832275391,machine,N,1.0,0.0
2026-01-24T10:47:10,NCF_emb50,07c58010-a9a8-41ac-8ee1-983f9bc738c5,5b0fa12a-3dd7-45bb-9766-cc326314d9f1,135.4679957999997,0.0009169138313631,6.768490416857343e-06,130.0,0.0,10.0,0.0048918848188888,0.0,0.0003762210780555,0.0052681058969443,0.0,Spain,ESP,madrid,,,Windows-10-10.0.19045-SP0,3.10.0,3.1.0,4,Intel(R) Core(TM) i5-6400 CPU @ 2.70GHz,,,-3.6463,40.4235,7.898471832275391,machine,N,1.0,0.0
2026-01-24T10:49:53,NCF_emb100,7abbb7a5-770d-4055-baeb-e4527e231449,5b0fa12a-3dd7-45bb-9766-cc326314d9f1,148.97416460000022,0.0010083320579686,6.7685028519946165e-06,130.0,0.0,10.0,0.0053796070322221,0.0,0.0004137400402777,0.0057933470724999,0.0,Spain,ESP,madrid,,,Windows-10-10.0.19045-SP0,3.10.0,3.1.0,4,Intel(R) Core(TM) i5-6400 CPU @ 2.70GHz,,,-3.6463,40.4235,7.898471832275391,machine,N,1.0,0.0
2026-01-24T10:53:02,NCF_emb20,f26607b1-bc79-4825-b327-f6be9036aa25,5b0fa12a-3dd7-45bb-9766-cc326314d9f1,176.12041660000068,0.0011920710843434,6.768500253158344e-06,130.0,0.0,10.0,0.0063598847830556,0.0,0.0004891303525,0.0068490151355556,0.0,Spain,ESP,madrid,,,Windows-10-10.0.19045-SP0,3.10.0,3.1.0,4,Intel(R) Core(TM) i5-6400 CPU @ 2.70GHz,,,-3.6463,40.4235,7.898471832275391,machine,N,1.0,0.0
2026-01-24T10:56:39,NCF_emb50,f5ab981a-821f-416c-b5f4-34f34ebc2c05,5b0fa12a-3dd7-45bb-9766-cc326314d9f1,198.33600220000065,0.0013424352464234,6.768489994417386e-06,130.0,0.0,10.0,0.0071621106519444,0.0,0.0005508180836111,0.0077129287355555,0.0,Spain,ESP,madrid,,,Windows-10-10.0.19045-SP0,3.10.0,3.1.0,4,Intel(R) Core(TM) i5-6400 CPU @ 2.70GHz,,,-3.6463,40.4235,7.898471832275391,machine,N,1.0,0.0
2026-01-24T11:01:12,NCF_emb100,c87d1f16-12a5-4fec-ab03-7b8b5bae67db,5b0fa12a-3dd7-45bb-9766-cc326314d9f1,254.89749399999985,0.0017252731653564,6.768497949047896e-06,130.0,0.0,10.0,0.0092046039438888,0.0,0.0007079106516666,0.0099125145955555,0.0,Spain,ESP,madrid,,,Windows-10-10.0.19045-SP0,3.10.0,3.1.0,4,Intel(R) Core(TM) i5-6400 CPU @ 2.70GHz,,,-3.6463,40.4235,7.898471832275391,machine,N,1.0,0.0
2026-01-24T11:05:11,NCF_emb20,2832dcd2-1702-46d2-8303-7147b2a71f47,5b0fa12a-3dd7-45bb-9766-cc326314d9f1,218.4291224000008,0.0014784368984726,6.76849717761208e-06,130.0,0.0,10.0,0.0078876953133333,0.0,0.0006066275736111,0.0084943228869444,0.0,Spain,ESP,madrid,,,Windows-10-10.0.19045-SP0,3.10.0,3.1.0,4,Intel(R) Core(TM) i5-6400 CPU @ 2.70GHz,,,-3.6463,40.4235,7.898471832275391,machine,N,1.0,0.0
2026-01-24T11:10:47,NCF_emb50,5af5333e-dde3-47e4-bae5-92fd56b0d412,5b0fa12a-3dd7-45bb-9766-cc326314d9f1,308.4760370000004,0.0020879164533866,6.76848831984519e-06,130.0,0.0,10.0,0.0111393781163887,0.0,0.0008566945833333,0.0119960726997221,0.0,Spain,ESP,madrid,,,Windows-10-10.0.19045-SP0,3.10.0,3.1.0,4,Intel(R) Core(TM) i5-6400 CPU @ 2.70GHz,,,-3.6463,40.4235,7.898471832275391,machine,N,1.0,0.0
2026-01-24T11:14:35,NCF_emb20,489c7a5b-5e1c-43b6-87e8-f904b35b311d,5b0fa12a-3dd7-45bb-9766-cc326314d9f1,113.76317569999992,0.0007699869009296,6.7683316344841296e-06,130.0,0.0,10.0,0.0041080027625,0.0,0.0003159380644444,0.0044239408269444,0.0,Spain,ESP,madrid,,,Windows-10-10.0.19045-SP0,3.10.0,3.1.0,4,Intel(R) Core(TM) i5-6400 CPU @ 2.70GHz,,,-3.6463,40.4235,7.898471832275391,machine,N,1.0,0.0
2026-01-24T11:16:50,NCF_emb50,5570bae5-cde8-42a4-bc7c-20da2e66380c,5b0fa12a-3dd7-45bb-9766-cc326314d9f1,126.37644589999944,0.0008553777808698,6.768490558333339e-06,130.0,0.0,10.0,0.0045635791897223,0.0,0.0003509728405555,0.0049145520302779,0.0,Spain,ESP,madrid,,,Windows-10-10.0.19045-SP0,3.10.0,3.1.0,4,Intel(R) Core(TM) i5-6400 CPU @ 2.70GHz,,,-3.6463,40.4235,7.898471832275391,machine,N,1.0,0.0
2026-01-24T11:19:40,NCF_emb100,035ca30d-8975-4a48-8290-a655ada72eb0,5b0fa12a-3dd7-45bb-9766-cc326314d9f1,162.34713190000002,0.0010988462059259,6.768497805078688e-06,130.0,0.0,10.0,0.0058625179672221,0.0,0.0004508759191666,0.0063133938863887,0.0,Spain,ESP,madrid,,,Windows-10-10.0.19045-SP0,3.10.0,3.1.0,4,Intel(R) Core(TM) i5-6400 CPU @ 2.70GHz,,,-3.6463,40.4235,7.898471832275391,machine,N,1.0,0.0
2026-01-24T11:22:40,NCF_emb20,337eef10-7ed0-4c99-a347-d24808a14def,5b0fa12a-3dd7-45bb-9766-cc326314d9f1,170.04974200000106,0.0011509806747314,6.768494095871569e-06,130.0,0.0,10.0,0.0061406661225,0.0,0.0004722650738888,0.0066129311963889,0.0,Spain,ESP,madrid,,,Windows-10-10.0.19045-SP0,3.10.0,3.1.0,4,Intel(R) Core(TM) i5-6400 CPU @ 2.70GHz,,,-3.6463,40.4235,7.898471832275391,machine,N,1.0,0.0
2026-01-24T11:26:18,NCF_emb50,d8f8cec9-fd1a-4074-b2fd-710b44d76798,5b0fa12a-3dd7-45bb-9766-cc326314d9f1,204.03033680000044,0.0013809773009298,6.768490032359722e-06,130.0,0.0,10.0,0.0073677401380554,0.0,0.000566631025,0.0079343711630554,0.0,Spain,ESP,madrid,,,Windows-10-10.0.19045-SP0,3.10.0,3.1.0,4,Intel(R) Core(TM) i5-6400 CPU @ 2.70GHz,,,-3.6463,40.4235,7.898471832275391,machine,N,1.0,0.0
2026-01-24T11:31:14,NCF_emb100,6535e146-d99d-49cd-9d18-f90e4887c790,5b0fa12a-3dd7-45bb-9766-cc326314d9f1,281.9246347999997,0.0019082047990668,6.76849258107775e-06,130.0,0.0,10.0,0.0101805812441666,0.0,0.0007829625597222,0.0109635438038888,0.0,Spain,ESP,madrid,,,Windows-10-10.0.19045-SP0,3.10.0,3.1.0,4,Intel(R) Core(TM) i5-6400 CPU @ 2.70GHz,,,-3.6463,40.4235,7.898471832275391,machine,N,1.0,0.0
2026-01-24T11:35:33,NCF_emb20,c7a11a93-775d-4c07-9aaa-78e3f535e1c2,5b0fa12a-3dd7-45bb-9766-cc326314d9f1,243.9180675000007,0.0016509570663203,6.768490269054572e-06,130.0,0.0,10.0,0.0088081252530554,0.0,0.0006774080208333,0.0094855332738888,0.0,Spain,ESP,madrid,,,Windows-10-10.0.19045-SP0,3.10.0,3.1.0,4,Intel(R) Core(TM) i5-6400 CPU @ 2.70GHz,,,-3.6463,40.4235,7.898471832275391,machine,N,1.0,0.0
2026-01-24T11:40:28,NCF_emb50,e13ec5be-8c4e-4530-94d2-80aa7c7e7eb6,5b0fa12a-3dd7-45bb-9766-cc326314d9f1,276.48435190000055,0.0018713790505468,6.768480883951429e-06,130.0,0.0,10.0,0.0099841250022222,0.0,0.0007678373680555,0.0107519623702778,0.0,Spain,ESP,madrid,,,Windows-10-10.0.19045-SP0,3.10.0,3.1.0,4,Intel(R) Core(TM) i5-6400 CPU @ 2.70GHz,,,-3.6463,40.4235,7.898471832275391,machine,N,1.0,0.0
2026-01-24T11:46:28,NCF_emb100,4ffd5d4e-d1a3-4a1a-970b-8f3a8d411e20,5b0fa12a-3dd7-45bb-9766-cc326314d9f1,338.0327748,0.002287969730071,6.768484894474369e-06,130.0,0.0,10.0,0.0122067016030557,0.0,0.0009387722841666,0.0131454738872223,0.0,Spain,ESP,madrid,,,Windows-10-10.0.19045-SP0,3.10.0,3.1.0,4,Intel(R) Core(TM) i5-6400 CPU @ 2.70GHz,,,-3.6463,40.4235,7.898471832275391,machine,N,1.0,0.0
2026-01-24T11:50:55,NCF_emb20,cc70eb6a-35f5-4be7-8f2f-7cf23dfd6d33,5b0fa12a-3dd7-45bb-9766-cc326314d9f1,241.7547712000014,0.0016363152938865,6.768492244286671e-06,130.0,0.0,10.0,0.0087300074477778,0.0,0.0006714018822222,0.00940140933,0.0,Spain,ESP,madrid,,,Windows-10-10.0.19045-SP0,3.10.0,3.1.0,4,Intel(R) Core(TM) i5-6400 CPU @ 2.70GHz,,,-3.6463,40.4235,7.898471832275391,machine,N,1.0,0.0
2026-01-24T11:56:18,NCF_emb50,d7a648e3-052a-4b41-939c-9308ca533c85,5b0fa12a-3dd7-45bb-9766-cc326314d9f1,296.7345764000001,0.0020084450297077,6.768490056245804e-06,130.0,0.0,10.0,0.010715381361389,0.0,0.0008240902255555,0.0115394715869446,0.0,Spain,ESP,madrid,,,Windows-10-10.0.19045-SP0,3.10.0,3.1.0,4,Intel(R) Core(TM) i5-6400 CPU @ 2.70GHz,,,-3.6463,40.4235,7.898471832275391,machine,N,1.0,0.0
2026-01-24T12:02:32,NCF_emb100,04bf2f84-bea0-4066-b620-4f859abcce4e,5b0fa12a-3dd7-45bb-9766-cc326314d9f1,342.5550446999987,0.002318581502365347,6.768493234119217e-06,130.0,0.0,10.0,0.012370002236944597,0.0,0.0009513508361111186,0.013321353073055714,0.0,Spain,ESP,madrid,,,Windows-10-10.0.19045-SP0,3.10.0,3.1.0,4,Intel(R) Core(TM) i5-6400 CPU @ 2.70GHz,,,-3.6463,40.4235,7.898471832275391,machine,N,1.0,0.0
