method,fraction,rmse,mae,precision_at_10,recall_at_10,co2_kg,n_train,n_test
SVD_f20,25,0.8605791638822354,0.6767236626817988,0.6483147932923793,0.6866736207991718,3.278482937993339e-05,578460,144615
SVD_f20,50,0.8685720181382092,0.6835262889254324,0.6761020881670533,0.6454466355794185,4.457084907426819e-05,739111,184778
SVD_f20,75,0.8687058852125932,0.6824465839786975,0.6805633802816901,0.6355142237883458,4.484201897426248e-05,790942,197736
SVD_f50,25,0.8575331025554536,0.6730227886339791,0.6481321600531297,0.6863574458745345,4.02608869251744e-05,578460,144615
SVD_f50,50,0.8688833989265131,0.6828245025923355,0.6765992707988067,0.6456382636540882,5.4313450456449166e-05,739111,184778
SVD_f50,75,0.8669201198804163,0.6798220757096644,0.6816901408450704,0.636092492577418,5.558887295020656e-05,790942,197736
SVD_f100,25,0.8595692019498442,0.673470563308209,0.648381205379379,0.6860241549772945,5.199042720112271e-05,578460,144615
SVD_f100,50,0.8698008798683791,0.6830306699896384,0.677113026184952,0.6452106765952196,7.209196006428851e-05,739111,184778
SVD_f100,75,0.8706999128344699,0.6823787237624994,0.6807456503728252,0.6354801085805514,7.796182469411631e-05,790942,197736
